variant,algorithm,best_objective,mean_objective,std_objective,best_distance_km,mean_distance_km,mean_energy_kwh,mean_energy_wh_per_km,mean_evs_used,mean_station_visits,mean_runtime_seconds,feasible_runs,total_runs
classical,ACO,286674.82474993856,295384.0558691871,9088.686611627945,271.67219074735203,280.3813819175327,26.73951654400784,95.34608219301522,15.0,0.0,30.206047279946507,5,5
classical,GA,222478.5775885557,247100.96664597793,16598.947590106218,207.47660901053817,232.0987438036505,22.228423273846193,95.7172791427735,15.0,0.0,4.634310659999028,5,5
classical,SA,196847.49139694785,215030.95168276137,13066.087886259764,181.8457182384943,200.02902020538957,19.314773717507173,96.58092091973431,15.0,0.0,8.179077100055292,5,5
multi_depot,ACO,257252.77007567036,271805.2533150995,10818.035375152607,242.25043223776487,256.8028046577578,24.486573416571634,95.35786929834683,15.0,0.0,33.80111636002548,5,5
multi_depot,GA,219370.9097813077,226952.2864835247,4951.34680788828,204.3689728206318,211.95024679213603,20.39691388666927,96.22447052062253,15.0,0.0,12.17787194000557,5,5
multi_depot,SA,207873.2426992054,213181.8706983413,3930.2643214252266,192.87139958982584,198.17998013133243,18.905670089137537,95.3986365994702,15.0,0.0,8.284680380066856,5,5
two_echelon,ACO,419643.0958891123,468536.58021496126,31086.060515096488,393.63951044786745,441.732614626537,39.65588424272688,89.81217710889305,26.8,0.0,294.4438723399304,5,5
two_echelon,GA,385993.2799421199,441074.0561527403,38200.577373449116,359.9900278323697,414.27033682526627,37.19327474063865,89.7844057826787,26.8,0.0,131.84997755992225,5,5
two_echelon,SA,373196.1909930508,424564.8400375232,35104.852259449304,347.19302928467704,397.76125452981194,35.855077113333515,90.17934970826093,26.8,0.0,187.58452718001791,5,5
